t,d_lat,d_long,ttc,closing_speed,drift
0.0,3.5,3.5,inf,0.0,0.0
0.05,3.5,3.5,inf,0.0,0.0
0.1,3.5,3.5,inf,0.0,0.0
0.15,3.5,3.5,inf,0.0,0.0
0.2,3.5,3.5,inf,0.0,0.0
0.25,3.5,3.5,inf,0.0,0.0
0.3,3.5,3.5,inf,0.0,0.0
0.35,3.5,3.5,inf,0.0,0.0
0.4,3.5,3.5,inf,0.0,0.0
0.45,3.5,3.5,inf,0.0,0.0
0.5,3.5,3.5,inf,0.0,0.0
0.55,3.5,3.5,inf,0.0,0.0
0.6,3.5,3.5,inf,0.0,0.0
0.65,3.5,3.5,inf,0.0,0.0
0.7,3.5,3.5,inf,0.0,0.0
0.75,3.5,3.5,inf,0.0,0.0
0.8,3.5,3.5,inf,0.0,0.0
0.85,3.5,3.5,inf,0.0,0.0
0.9,3.5,3.5,inf,0.0,0.0
0.95,3.5,3.5,inf,0.0,0.0
1.0,3.5,3.5,inf,0.0,0.0
1.05,3.5,3.5,inf,0.0,0.0
1.1,3.5,3.5,inf,0.0,0.0
1.15,3.5,3.5,inf,0.0,0.0
1.2,3.5,3.5,inf,0.0,0.0
1.25,3.5,3.5,inf,0.0,0.0
1.3,3.5,3.5,inf,0.0,0.0
1.35,3.5,3.5,inf,0.0,0.0
1.4,3.5,3.5,inf,0.0,0.0
1.45,3.5,3.5,inf,0.0,0.0
1.5,3.5,3.5,inf,0.0,0.0
1.55,3.5,3.5,inf,0.0,0.0
1.6,3.5,3.5,inf,0.0,0.0
1.65,3.5,3.5,inf,0.0,0.0
1.7,3.5,3.5,inf,0.0,0.0
1.75,3.5,3.5,inf,0.0,0.0
1.8,3.5,3.5,inf,0.0,0.0
1.85,3.5,3.5,inf,0.0,0.0
1.9,3.5,3.5,inf,0.0,0.0
1.95,3.5,3.5,inf,0.0,0.0
2.0,3.5,3.5,inf,0.0,0.0
2.05,3.5,3.5,inf,0.0,0.0
2.1,3.5,3.5,inf,0.0,0.0
2.15,3.5,3.5,inf,0.0,0.0
2.2,3.5,3.5,inf,0.0,0.0
2.25,3.5,3.5,inf,0.0,0.0
2.3,3.5,3.5,inf,0.0,0.0
2.35,3.5,3.5,inf,0.0,0.0
2.4,3.5,3.5,inf,0.0,0.0
2.45,3.5,3.5,inf,0.0,0.0
2.5,3.5,3.5,inf,0.0,0.0
2.55,3.5,3.5,inf,0.0,0.0
2.6,3.5,3.5,inf,0.0,0.0
2.65,3.5,3.5,inf,0.0,0.0
2.7,3.5,3.5,inf,0.0,0.0
2.75,3.5,3.5,inf,0.0,0.0
2.8,3.5,3.5,inf,0.0,0.0
2.85,3.5,3.5,inf,0.0,0.0
2.9,3.5,3.5,inf,0.0,0.0
2.95,3.5,3.5,inf,0.0,0.0
3.0,3.5,3.5,inf,0.0,0.0
3.05,3.5,3.5,inf,0.0,0.0
3.1,3.5,3.5,inf,0.0,0.0
3.15,3.5,3.5,inf,0.0,0.0
3.2,3.5,3.5,inf,0.0,0.0
3.25,3.5,3.5,inf,0.0,0.0
3.3,3.5,3.5,inf,0.0,0.0
3.35,3.5,3.5,inf,0.0,0.0
3.4,3.5,3.5,inf,0.0,0.0
3.45,3.5,3.5,inf,0.0,0.0
3.5,3.5,3.5,inf,0.0,0.0
3.55,3.5,3.5,inf,0.0,0.0
3.6,3.5,3.5,inf,0.0,0.0
3.65,3.5,3.5,inf,0.0,0.0
3.7,3.5,3.5,inf,0.0,0.0
3.75,3.5,3.5,inf,0.0,0.0
3.8,3.5,3.5,inf,0.0,0.0
3.85,3.5,3.5,inf,0.0,0.0
3.9,3.5,3.5,inf,0.0,0.0
3.95,3.5,3.5,inf,0.0,0.0
4.0,3.5,3.5,inf,0.0,0.0
4.05,3.5,3.5,inf,0.0,0.0
4.1,3.5,3.5,inf,0.0,0.0
4.15,3.5,3.5,inf,0.0,0.0
4.2,3.5,3.5,inf,0.0,0.0
4.25,3.5,3.5,inf,0.0,0.0
4.3,3.5,3.5,inf,0.0,0.0
4.35,3.5,3.5,inf,0.0,0.0
4.4,3.5,3.5,inf,0.0,0.0
4.45,3.5,3.5,inf,0.0,0.0
4.5,3.5,3.5,inf,0.0,0.0
4.55,3.5,3.5,inf,0.0,0.0
4.6,3.5,3.5,inf,0.0,0.0
4.65,3.5,3.5,inf,0.0,0.0
4.7,3.5,3.5,inf,0.0,0.0
4.75,3.5,3.5,inf,0.0,0.0
4.8,3.5,3.5,inf,0.0,0.0
4.85,3.5,3.5,inf,0.0,0.0
4.9,3.5,3.5,inf,0.0,0.0
4.95,3.5,3.5,inf,0.0,0.0
5.0,3.5,3.5,5.0,0.7,0.0
5.05,3.473,3.473,4.96,0.7,0.035
5.1,3.447,3.447,4.92,0.7,0.07
5.15,3.421,3.421,4.89,0.7,0.105
5.2,3.396,3.395,4.85,0.7,0.14
5.25,3.371,3.369,4.82,0.7,0.175
5.3,3.347,3.344,4.78,0.7,0.21
5.35,3.322,3.318,4.75,0.7,0.245
5.4,3.297,3.291,4.71,0.7,0.28
5.45,3.272,3.265,4.67,0.7,0.315
5.5,3.248,3.239,4.64,0.7,0.35
5.55,3.224,3.213,4.61,0.7,0.385
5.6,3.2,3.187,4.57,0.7,0.42
5.65,3.176,3.161,4.54,0.7,0.455
5.7,3.152,3.135,4.5,0.7,0.49
5.75,3.129,3.109,4.47,0.7,0.525
5.8,3.106,3.083,4.44,0.7,0.56
5.85,3.083,3.057,4.4,0.7,0.595
5.9,3.06,3.031,4.37,0.7,0.63
5.95,3.037,3.005,4.34,0.7,0.665
6.0,3.015,2.979,4.31,0.7,0.7
6.05,2.993,2.953,4.28,0.7,0.735
6.1,2.971,2.927,4.24,0.7,0.77
6.15,2.95,2.901,4.21,0.7,0.805
6.2,2.929,2.874,4.18,0.7,0.84
6.25,2.908,2.848,4.15,0.7,0.875
6.3,2.887,2.822,4.12,0.7,0.91
6.35,2.867,2.796,4.1,0.7,0.945
6.4,2.846,2.77,4.07,0.7,0.98
6.45,2.827,2.744,4.04,0.7,1.015
6.5,2.807,2.718,4.01,0.7,1.05
6.55,2.788,2.692,3.98,0.7,1.085
6.6,2.769,2.666,3.96,0.7,1.12
6.65,2.75,2.64,3.93,0.7,1.155
6.7,2.732,2.614,3.9,0.7,1.19
6.75,2.714,2.588,3.88,0.7,1.225
6.8,2.696,2.562,3.85,0.7,1.26
6.85,2.679,2.536,3.83,0.7,1.295
6.9,2.662,2.51,3.8,0.7,1.33
6.95,2.645,2.484,3.78,0.7,1.365
7.0,2.629,2.457,3.76,0.7,1.4
7.05,2.613,2.431,3.73,0.7,1.435
7.1,2.598,2.405,3.71,0.7,1.47
7.15,2.583,2.379,3.69,0.7,1.505
7.2,2.568,2.353,3.67,0.7,1.54
7.25,2.554,2.327,3.65,0.7,1.575
7.3,2.54,2.301,3.63,0.7,1.61
7.35,2.526,2.275,3.61,0.7,1.645
7.4,2.513,2.249,3.59,0.7,1.68
7.45,2.5,2.223,3.57,0.7,1.715
7.5,2.488,2.197,3.55,0.7,1.75
7.55,2.476,2.171,3.54,0.7,1.785
7.6,2.465,2.145,3.52,0.7,1.82
7.65,2.454,2.119,3.51,0.7,1.855
7.7,2.443,2.093,3.49,0.7,1.89
7.75,2.433,2.066,3.48,0.7,1.925
7.8,2.424,2.04,3.46,0.7,1.96
7.85,2.415,2.014,3.45,0.7,1.995
7.9,2.406,1.988,3.44,0.7,2.03
7.95,2.398,1.962,3.43,0.7,2.065
8.0,2.39,1.936,3.41,0.7,2.1
8.05,2.383,1.91,3.4,0.7,2.135
8.1,2.376,1.884,3.39,0.7,2.17
8.15,2.37,1.858,3.39,0.7,2.205
8.2,2.365,1.832,3.38,0.7,2.24
8.25,2.359,1.806,3.37,0.7,2.275
8.3,2.355,1.78,3.36,0.7,2.31
8.35,2.351,1.754,3.36,0.7,2.345
8.4,2.347,1.728,3.35,0.7,2.38
8.45,2.344,1.702,3.35,0.7,2.415
8.5,2.341,1.676,3.34,0.7,2.45
8.55,2.339,1.649,3.34,0.7,2.485
8.6,2.338,1.623,3.34,0.7,2.52
8.65,2.337,1.597,3.34,0.7,2.555
8.7,2.336,1.571,3.34,0.7,2.59
8.75,2.336,1.545,3.34,0.7,2.625
8.8,2.337,1.519,3.34,0.7,2.66
8.85,2.338,1.493,3.34,0.7,2.695
8.9,2.339,1.467,3.34,0.7,2.73
8.95,2.341,1.441,3.34,0.7,2.765
9.0,2.344,1.415,3.35,0.7,2.8
9.05,2.347,1.389,3.35,0.7,2.835
9.1,2.351,1.363,3.36,0.7,2.87
9.15,2.355,1.337,3.36,0.7,2.905
9.2,2.36,1.311,3.37,0.7,2.94
9.25,2.365,1.285,3.38,0.7,2.975
9.3,2.371,1.259,3.39,0.7,3.01
9.35,2.377,1.232,3.4,0.7,3.045
9.4,2.384,1.206,3.41,0.7,3.08
9.45,2.391,1.18,3.42,0.7,3.115
9.5,2.398,1.154,3.43,0.7,3.15
9.55,2.407,1.128,3.44,0.7,3.185
9.6,2.415,1.102,3.45,0.7,3.22
9.65,2.424,1.076,3.46,0.7,3.255
9.7,2.434,1.05,3.48,0.7,3.29
9.75,2.444,1.024,3.49,0.7,3.325
9.8,2.455,0.998,3.51,0.7,3.36
9.85,2.466,0.972,3.52,0.7,3.395
9.9,2.477,0.946,3.54,0.7,3.43
9.95,2.489,0.92,3.56,0.7,3.465
10.0,2.501,0.894,3.57,0.7,3.5
10.05,2.501,0.894,3.57,0.7,3.535
10.1,2.501,0.894,3.57,0.7,3.57
10.15,2.501,0.894,3.57,0.7,3.605
10.2,2.501,0.894,3.57,0.7,3.64
10.25,2.501,0.894,3.57,0.7,3.675
10.3,2.501,0.894,3.57,0.7,3.71
10.35,2.501,0.894,3.57,0.7,3.745
10.4,2.501,0.894,3.57,0.7,3.78
10.45,2.501,0.894,3.57,0.7,3.815
10.5,2.501,0.894,3.57,0.7,3.85
10.55,2.501,0.894,3.57,0.7,3.885
10.6,2.501,0.894,3.57,0.7,3.92
10.65,2.501,0.894,3.57,0.7,3.955
10.7,2.501,0.894,3.57,0.7,3.99
10.75,2.501,0.894,3.57,0.7,4.025
10.8,2.501,0.894,3.57,0.7,4.06
10.85,2.501,0.894,3.57,0.7,4.095
10.9,2.501,0.894,3.57,0.7,4.13
10.95,2.501,0.894,3.57,0.7,4.165
11.0,2.501,0.894,3.57,0.7,4.2
11.05,2.501,0.894,3.57,0.7,4.235
11.1,2.501,0.894,3.57,0.7,4.27
11.15,2.501,0.894,3.57,0.7,4.305
11.2,2.501,0.894,3.57,0.7,4.34
11.25,2.501,0.894,3.57,0.7,4.375
11.3,2.501,0.894,3.57,0.7,4.41
11.35,2.501,0.894,3.57,0.7,4.445
11.4,2.501,0.894,3.57,0.7,4.48
11.45,2.501,0.894,3.57,0.7,4.515
11.5,2.501,0.894,3.57,0.7,4.55
11.55,2.501,0.894,3.57,0.7,4.585
11.6,2.501,0.894,3.57,0.7,4.62
11.65,2.501,0.894,3.57,0.7,4.655
11.7,2.501,0.894,3.57,0.7,4.69
11.75,2.501,0.894,3.57,0.7,4.725
11.8,2.501,0.894,3.57,0.7,4.76
11.85,2.501,0.894,3.57,0.7,4.795
11.9,2.501,0.894,3.57,0.7,4.83
11.95,2.501,0.894,3.57,0.7,4.865
12.0,2.501,0.894,3.57,0.7,4.9
12.05,2.501,0.894,3.57,0.7,4.935
12.1,2.501,0.894,3.57,0.7,4.97
12.15,2.501,0.894,3.57,0.7,5.005
12.2,2.501,0.894,3.57,0.7,5.04
12.25,2.501,0.894,3.57,0.7,5.075
12.3,2.501,0.894,3.57,0.7,5.11
12.35,2.501,0.894,3.57,0.7,5.145
12.4,2.501,0.894,3.57,0.7,5.18
12.45,2.501,0.894,3.57,0.7,5.215
12.5,2.501,0.894,3.57,0.7,5.25
12.55,2.501,0.894,3.57,0.7,5.285
12.6,2.501,0.894,3.57,0.7,5.32
12.65,2.501,0.894,3.57,0.7,5.355
12.7,2.501,0.894,3.57,0.7,5.39
12.75,2.501,0.894,3.57,0.7,5.425
12.8,2.501,0.894,3.57,0.7,5.46
12.85,2.501,0.894,3.57,0.7,5.495
12.9,2.501,0.894,3.57,0.7,5.53
12.95,2.501,0.894,3.57,0.7,5.565
13.0,2.501,0.894,3.57,0.7,5.6
13.05,2.501,0.894,3.57,0.7,5.635
13.1,2.501,0.894,3.57,0.7,5.67
13.15,2.501,0.894,3.57,0.7,5.705
13.2,2.501,0.894,3.57,0.7,5.74
13.25,2.501,0.894,3.57,0.7,5.775
13.3,2.501,0.894,3.57,0.7,5.81
13.35,2.501,0.894,3.57,0.7,5.845
13.4,2.501,0.894,3.57,0.7,5.88
13.45,2.501,0.894,3.57,0.7,5.915
13.5,2.501,0.894,3.57,0.7,5.95
13.55,2.501,0.894,3.57,0.7,5.985
13.6,2.501,0.894,3.57,0.7,6.02
13.65,2.501,0.894,3.57,0.7,6.055
13.7,2.501,0.894,3.57,0.7,6.09
13.75,2.501,0.894,3.57,0.7,6.125
13.8,2.501,0.894,3.57,0.7,6.16
13.85,2.501,0.894,3.57,0.7,6.195
13.9,2.501,0.894,3.57,0.7,6.23
13.95,2.501,0.894,3.57,0.7,6.265
14.0,2.501,0.894,3.57,0.7,6.3
14.05,2.501,0.894,3.57,0.7,6.335
14.1,2.501,0.894,3.57,0.7,6.37
14.15,2.501,0.894,3.57,0.7,6.405
14.2,2.501,0.894,3.57,0.7,6.44
14.25,2.501,0.894,3.57,0.7,6.475
14.3,2.501,0.894,3.57,0.7,6.51
14.35,2.501,0.894,3.57,0.7,6.545
14.4,2.501,0.894,3.57,0.7,6.58
14.45,2.501,0.894,3.57,0.7,6.615
14.5,2.501,0.894,3.57,0.7,6.65
14.55,2.501,0.894,3.57,0.7,6.685
14.6,2.501,0.894,3.57,0.7,6.72
14.65,2.501,0.894,3.57,0.7,6.755
14.7,2.501,0.894,3.57,0.7,6.79
14.75,2.501,0.894,3.57,0.7,6.825
14.8,2.501,0.894,3.57,0.7,6.86
14.85,2.501,0.894,3.57,0.7,6.895
14.9,2.501,0.894,3.57,0.7,6.93
14.95,2.501,0.894,3.57,0.7,6.965
15.0,2.501,0.894,3.57,0.7,7.0
15.05,2.501,0.894,3.57,0.7,7.035
15.1,2.501,0.894,3.57,0.7,7.07
15.15,2.501,0.894,3.57,0.7,7.105
15.2,2.501,0.894,3.57,0.7,7.14
15.25,2.501,0.894,3.57,0.7,7.175
15.3,2.501,0.894,3.57,0.7,7.21
15.35,2.501,0.894,3.57,0.7,7.245
15.4,2.501,0.894,3.57,0.7,7.28
15.45,2.501,0.894,3.57,0.7,7.315
15.5,2.501,0.894,3.57,0.7,7.35
15.55,2.501,0.894,3.57,0.7,7.385
15.6,2.501,0.894,3.57,0.7,7.42
15.65,2.501,0.894,3.57,0.7,7.455
15.7,2.501,0.894,3.57,0.7,7.49
15.75,2.501,0.894,3.57,0.7,7.525
15.8,2.501,0.894,3.57,0.7,7.56
15.85,2.501,0.894,3.57,0.7,7.595
15.9,2.501,0.894,3.57,0.7,7.63
15.95,2.501,0.894,3.57,0.7,7.665
